{
	"format_version": "1.8.0",
	"animations": {
		"animation.hippopotamus.walk": {
			"loop": true,
			"animation_length": 0.66667,
			"bones": {
				"leg0": {
					"rotation": {
						"0.0": [62.5, 0, 0],
						"0.0833": [45, 0, 0],
						"0.1667": [2.5, 0, 0],
						"0.25": [-10, 0, 0],
						"0.3333": [-17.5, 0, 0],
						"0.4167": [-5, 0, 0],
						"0.5": [2.5, 0, 0],
						"0.5833": [38, 0, 0],
						"0.6667": [62.5, 0, 0]
					}
				},
				"leg1": {
					"rotation": {
						"0.0": [-17.5, 0, 0],
						"0.0833": [-5, 0, 0],
						"0.1667": [2.5, 0, 0],
						"0.25": [7.5, 0, 0],
						"0.3333": [25, 0, 0],
						"0.4167": [45, 0, 0],
						"0.5": [27.5, 0, 0],
						"0.5833": [-10, 0, 0],
						"0.6667": [-17.5, 0, 0]
					}
				},
				"leg2": {
					"rotation": {
						"0.0": [-17.5, 0, 0],
						"0.0833": [-5, 0, 0],
						"0.1667": [2.5, 0, 0],
						"0.25": [7.5, 0, 0],
						"0.3333": [25, 0, 0],
						"0.4167": [45, 0, 0],
						"0.5": [27.5, 0, 0],
						"0.5833": [-10, 0, 0],
						"0.6667": [-17.5, 0, 0]
					}
				},
				"leg3": {
					"rotation": {
						"0.0": [62.5, 0, 0],
						"0.0833": [45, 0, 0],
						"0.1667": [2.5, 0, 0],
						"0.25": [-10, 0, 0],
						"0.3333": [-17.5, 0, 0],
						"0.4167": [-5, 0, 0],
						"0.5": [2.5, 0, 0],
						"0.5833": [38, 0, 0],
						"0.6667": [62.5, 0, 0]
					}
				}
			}
		},
		"animation.hippopotamus.idle": {
			"loop": true,
			"animation_length": 3,
			"bones": {
				"body": {
					"rotation": {
						"0.0": [0, 0, 0],
						"1.5": [-5, 0, 0],
						"3.0": [0, 0, 0]
					}
				}
			}
		},
		"animation.hippopotamus.attack": {
			"animation_length": 0.5,
			"bones": {
				"body": {
					"rotation": {
						"0.0": [0, 0, 0],
						"0.1667": [-10, 0, 0],
						"0.3333": [5, 0, 0],
						"0.5": [0, 0, 0]
					}
				},
				"leg0": {
					"rotation": {
						"0.0": [0, 0, 0],
						"0.1667": [-12.5, 0, 0],
						"0.3333": [-20, 0, 0],
						"0.5": [0, 0, 0]
					}
				},
				"leg1": {
					"rotation": {
						"0.0": [0, 0, 0],
						"0.1667": [-25, 0, 0],
						"0.3333": [-15, 0, 0],
						"0.5": [0, 0, 0]
					}
				},
				"head": {
					"rotation": {
						"0.0": [0, 0, 0],
						"0.1667": [0, 0, -22.5],
						"0.3333": [48.24344, -11.86554, -30.48005],
						"0.5": [0, 0, 0]
					}
				},
				"boca0": {
					"rotation": {
						"0.0": [0, 0, 0],
						"0.1667": [-27.5, 0, 0],
						"0.3333": [-27.5, 0, 0],
						"0.5": [0, 0, 0]
					},
					"position": {
						"0.0": [0, 0, 0],
						"0.1667": [0, 0.7, 2.9],
						"0.3333": [0, 0.7, 2.9],
						"0.5": [0, 0, 0]
					}
				},
				"boca1": {
					"rotation": {
						"0.0": [0, 0, 0],
						"0.1667": [32.5, 0, 0],
						"0.3333": [0, 0, 0],
						"0.5": [0, 0, 0]
					}
				}
			}
		}
	}
}