{
	"format_version": "1.8.0",
	"animations": {
		"animation.capuchin_monkey.walk": {
			"loop": true,
			"animation_length": 0.33333,
			"bones": {
				"cuerpo": {
					"rotation": {
						"0.0": [15, 0, 0],
						"0.1667": [2.5, 0, 0],
						"0.3333": [15, 0, 0]
					}
				},
				"leg0": {
					"rotation": {
						"0.0": [20, 0, 0],
						"0.1667": [-67.5, 0, 0],
						"0.3333": [20, 0, 0]
					}
				},
				"leg0_0": {
					"rotation": {
						"0.0": [-10, 0, 0],
						"0.1667": [-20, 0, 0],
						"0.3333": [-10, 0, 0]
					}
				},
				"leg2": {
					"rotation": {
						"0.0": [-30, 0, 0],
						"0.1667": [50, 0, 0],
						"0.3333": [-30, 0, 0]
					}
				},
				"leg0_2": {
					"rotation": {
						"0.0": [12.5, 0, 0],
						"0.1667": [35, 0, 0],
						"0.3333": [12.5, 0, 0]
					}
				},
				"leg3": {
					"rotation": {
						"0.0": [-40, 0, 0],
						"0.1667": [42.5, 0, 0],
						"0.3333": [-40, 0, 0]
					}
				},
				"leg0_3": {
					"rotation": {
						"0.0": [22.5, 0, 0],
						"0.1667": [40, 0, 0],
						"0.3333": [22.5, 0, 0]
					}
				},
				"leg1": {
					"rotation": {
						"0.0": [15, 0, 0],
						"0.1667": [-57.5, 0, 0],
						"0.3333": [15, 0, 0]
					}
				},
				"leg0_1": {
					"rotation": {
						"0.0": [-15, 0, 0],
						"0.1667": [-27.5, 0, 0],
						"0.3333": [-15, 0, 0]
					}
				},
				"tail": {
					"rotation": {
						"0.0": [-7.5, 0, 0],
						"0.1667": [20, 0, 0],
						"0.3333": [-7.5, 0, 0]
					}
				},
				"tail2": {
					"rotation": {
						"0.0": [-55, 0, 0],
						"0.1667": [5, 0, 0],
						"0.3333": [-55, 0, 0]
					}
				},
				"tail3": {
					"rotation": {
						"0.0": [77.5, 0, 0],
						"0.1667": [105, 0, 0],
						"0.3333": [77.5, 0, 0]
					},
					"position": {
						"0.0": [0, 0.23113, -0.59714],
						"0.1667": [0, 0.23113, -0.59714],
						"0.3333": [0, 0.23113, -0.59714]
					}
				}
			}
		},
		"animation.capuchin_monkey.idle": {
			"loop": true,
			"animation_length": 3,
			"bones": {
				"cuerpo": {
					"rotation": {
						"0.0": [0, 0, 0],
						"1.5": [-2.5, 0, 0],
						"3.0": [0, 0, 0]
					},
					"position": {
						"0.0": [0, 0, 0],
						"1.5": [0, 0, 0.2],
						"3.0": [0, 0, 0]
					}
				},
				"tail": {
					"rotation": {
						"0.0": [7.5, 0, 0],
						"1.5": [15, 0, 0],
						"3.0": [7.5, 0, 0]
					}
				},
				"tail2": {
					"rotation": {
						"0.0": [10, 0, 0],
						"1.5": [10, 0, 0],
						"3.0": [10, 0, 0]
					}
				},
				"tail3": {
					"rotation": {
						"0.0": [50, 0, 0],
						"1.5": [85, 0, 0],
						"3.0": [50, 0, 0]
					},
					"position": {
						"0.0": [0, 0.23246, -0.58818],
						"1.5": [0, 0.36526, -0.47601],
						"3.0": [0, 0.23246, -0.58818]
					}
				}
			}
		},
		"animation.capuchin_monkey.sit": {
			"loop": true,
			"bones": {
				"cuerpo": {
					"rotation": [-30, 0, 0],
					"position": [0, -2, 1]
				},
				"head": {
					"rotation": [0, 0, -25]
				},
				"leg0": {
					"rotation": [-27.5, 0, 0]
				},
				"leg2": {
					"rotation": [-42.5, 0, 0],
					"position": [0, -3, 1]
				},
				"leg0_2": {
					"rotation": [-47.5, 0, 0]
				},
				"leg3": {
					"rotation": [-42.5, 0, 0],
					"position": [0, -3, 1]
				},
				"leg0_3": {
					"rotation": [-47.5, 0, 0]
				},
				"leg1": {
					"rotation": [-25, 0, 0]
				},
				"tail": {
					"rotation": [30, 0, 0]
				},
				"tail2": {
					"rotation": [47.5, 0, 0],
					"position": [0, 0.03061, -0.13807]
				},
				"tail3": {
					"rotation": [132.5, 0, 0],
					"position": [0, 0.35355, -0.61237]
				}
			}
		},
		"animation.capuchin_monkey.ground": {
			"loop": true,
			"bones": {
				"leg0": {
					"rotation": [-52.5, 0, 0]
				},
				"leg2": {
					"rotation": [52.5, 0, 0]
				},
				"leg3": {
					"rotation": [52.5, 0, 0]
				},
				"leg1": {
					"rotation": [-52.5, 0, 0]
				}
			}
		}
	}
}