{
	"format_version": "1.8.0",
	"animations": {
		"animation.deer_v2.baby": {
			"loop": true,
			"bones": {
				"cuerno0": {
					"scale": 0
				},
				"cuerno1": {
					"scale": 0
				}
			}
		},
		"animation.deer_v2.walk": {
			"loop": true,
			"animation_length": 0.33333,
			"bones": {
				"deer": {
					"position": {
						"0.0": [0, -1.3, 0],
						"0.1667": [0, 0, 0],
						"0.3333": [0, -1.3, 0]
					}
				},
				"body": {
					"rotation": {
						"0.0": [12.5, 0, 0],
						"0.1667": [-2.5, 0, 0],
						"0.3333": [12.5, 0, 0]
					}
				},
				"head": {
					"rotation": {
						"0.0": [25, 0, 0],
						"0.1667": [5, 0, 0],
						"0.3333": [25, 0, 0]
					}
				},
				"tail": {
					"rotation": [72.5, 0, 0],
					"position": [0, 0, -0.6]
				},
				"leg3": {
					"rotation": {
						"0.0": [-20, 0, 0],
						"0.1667": [37.5, 0, 0],
						"0.3333": [-20, 0, 0]
					}
				},
				"leg33": {
					"rotation": {
						"0.0": [0, 0, 0],
						"0.1667": [45, 0, 0],
						"0.3333": [0, 0, 0]
					},
					"position": {
						"0.0": [0, 0, 0],
						"0.1667": [0, 0.3, -1],
						"0.3333": [0, 0, 0]
					}
				},
				"leg1": {
					"rotation": {
						"0.0": [17.5, 0, 0],
						"0.1667": [-62.5, 0, 0],
						"0.3333": [17.5, 0, 0]
					}
				},
				"leg11": {
					"rotation": {
						"0.0": [7.5, 0, 0],
						"0.1667": [-7.5, 0, 0],
						"0.3333": [7.5, 0, 0]
					}
				},
				"leg0": {
					"rotation": {
						"0.0": [17.5, 0, 0],
						"0.1667": [-62.5, 0, 0],
						"0.3333": [17.5, 0, 0]
					}
				},
				"leg00": {
					"rotation": {
						"0.0": [7.5, 0, 0],
						"0.1667": [-7.5, 0, 0],
						"0.3333": [7.5, 0, 0]
					}
				},
				"leg2": {
					"rotation": {
						"0.0": [-20, 0, 0],
						"0.1667": [37.5, 0, 0],
						"0.3333": [-20, 0, 0]
					}
				},
				"leg22": {
					"rotation": {
						"0.0": [0, 0, 0],
						"0.1667": [45, 0, 0],
						"0.3333": [0, 0, 0]
					},
					"position": {
						"0.0": [0, 0, 0],
						"0.1667": [0, 0.3, -1],
						"0.3333": [0, 0, 0]
					}
				}
			}
		},
		"animation.deer_v2.attack": {
			"loop": true,
			"animation_length": 0.58333,
			"bones": {
				"body": {
					"rotation": {
						"0.0": [0, 0, 0],
						"0.1667": [0, 0, 0],
						"0.2917": [-15, 0, 0],
						"0.5833": [0, 0, 0]
					},
					"position": {
						"0.0": [0, 0, 0],
						"0.1667": [0, 0, 0],
						"0.2917": [0, 1, -1],
						"0.5833": [0, 0, 0]
					}
				},
				"head": {
					"rotation": {
						"0.0": [0, 0, 0],
						"0.2083": [87.5, 0, 0],
						"0.2917": [-22.5, 0, 0],
						"0.5833": [0, 0, 0]
					},
					"position": {
						"0.0": [0, 0, 0],
						"0.2083": [0, -2, -1],
						"0.2917": [0, 0, 0],
						"0.5833": [0, 0, 0]
					}
				},
				"leg1": {
					"rotation": {
						"0.0": [0, 0, 0],
						"0.1667": [0, 0, 0],
						"0.2917": [-25, 0, 0],
						"0.5833": [0, 0, 0]
					}
				},
				"leg0": {
					"rotation": {
						"0.0": [0, 0, 0],
						"0.1667": [0, 0, 0],
						"0.2917": [-35, 0, 0],
						"0.5833": [0, 0, 0]
					}
				}
			}
		},
		"animation.deer_v2.idle": {
			"loop": true,
			"animation_length": 2,
			"bones": {
				"body": {
					"rotation": {
						"0.0": [0, 0, 0],
						"1.0": [-2.5, 0, 0],
						"2.0": [0, 0, 0]
					}
				},
				"tail": {
					"rotation": [-107.5, 0, 0],
					"position": [0, 0.4, 0.2]
				}
			}
		}
	}
}