{
	"format_version": "1.8.0",
	"animations": {
		"animation.orca.walk": {
			"loop": true,
			"animation_length": 1,
			"bones": {
				"tail": {
					"rotation": {
						"0.0": [0, 0, 0],
						"0.25": [25, 0, 0],
						"0.5": [0, 0, 0],
						"0.75": [-25, 0, 0],
						"1.0": [0, 0, 0]
					}
				},
				"left_fin": {
					"rotation": {
						"0.0": [0, 0, 0],
						"0.25": [0, 0, -12.5],
						"0.5": [0, 0, 0],
						"0.75": [0, 0, -12.5],
						"1.0": [0, 0, 0]
					}
				},
				"right_fin": {
					"rotation": {
						"0.0": [0, 0, 0],
						"0.25": [0, 0, 12.5],
						"0.5": [0, 0, 0],
						"0.75": [0, 0, 12.5],
						"1.0": [0, 0, 0]
					}
				}
			}
		},
		"animation.orca.idle": {
			"loop": true,
			"animation_length": 2.08333,
			"bones": {
				"tail": {
					"rotation": {
						"0.0": [0, 0, 0],
						"0.5167": [5, 0, 0],
						"1.0333": [0, 0, 0],
						"1.5667": [-5, 0, 0],
						"2.0833": [0, 0, 0]
					}
				},
				"left_fin": {
					"rotation": {
						"0.0": [0, 0, 0],
						"0.5167": [0, 0, -12.5],
						"1.0333": [0, 0, 0],
						"1.55": [0, 0, -12.5],
						"2.0833": [0, 0, 0]
					}
				},
				"right_fin": {
					"rotation": {
						"0.0": [0, 0, 0],
						"0.5167": [0, 0, 12.5],
						"1.0333": [0, 0, 0],
						"1.55": [0, 0, 12.5],
						"2.0833": [0, 0, 0]
					}
				}
			}
		},
		"animation.orca.attack": {
			"animation_length": 0.66667,
			"bones": {
				"orca": {
					"rotation": {
						"0.0": [0, 0, 0],
						"0.1667": [0, 0, -17.5],
						"0.6667": [0, 0, 0]
					}
				},
				"boca": {
					"rotation": {
						"0.0": [0, 0, 0],
						"0.0833": [12.5, 0, 0],
						"0.1667": [0, 0, 0],
						"0.3333": [12.5, 0, 0],
						"0.6667": [0, 0, 0]
					}
				}
			}
		}
	}
}